id,actual_ddG,predicted_ddG,error
1A0F_A_S11A,1.8,0.34126539528265265,1.4587346047173475
1A7V_A_A104H,2.69,0.5029389836869285,2.1870610163130717
1A7V_A_A66H,1.98,0.8807807318573974,1.0992192681426025
1A7V_A_A91H,1.7,0.6663407567248819,1.033659243275118
1A7V_A_D3H,1.36,0.5988960303092747,0.7611039696907254
1A7V_A_D58H,2.05,1.467914492434698,0.5820855075653018
1A7V_A_E73H,3.01,1.0873555380828075,1.9226444619171923
1A7V_A_K13H,0.6,0.4127540868205526,0.1872459131794474
1A7V_A_K20H,2.88,0.466688764696579,2.413311235303421
1A7V_A_K31H,1.36,0.9449741309486254,0.41502586905137473
1A7V_A_K39H,1.86,0.7199479718904952,1.1400520281095048
1A7V_A_K49H,2.02,0.30040021564607733,1.7195997843539228
1A7V_A_K84H,2.88,0.8044716216453562,2.075528378354644
1A7V_A_K97H,1.97,0.9922030791012773,0.9777969208987227
1BA3_A_H461D,1.74,0.9495828090390199,0.7904171909609801
1BA3_A_H489D,-0.29,0.680968066104838,-0.9709680661048379
1BA3_A_H489K,0.29,0.6802569604844738,-0.39025696048447384
1BA3_A_H489M,0.26,0.7605758221435686,-0.5005758221435685
1BFM_A_M35W,0.7,0.8450908137843449,-0.14509081378434496
1BFM_A_M35Y,0.4,0.4492595979548081,-0.049259597954808054
1BNL_A_D76A,0.82,0.564480324153605,0.2555196758463949
1D5G_A_H71Y,0.04,-0.22221486233027654,0.2622148623302765
1D5G_A_I20F,-0.91,-1.0920891519254263,0.1820891519254263
1DIV_A_D23A,0.46,0.2398235172777492,0.22017648272225082
1DIV_A_D23N,0.58,1.2048470911087983,-0.6248470911087983
1DIV_A_D8N,0.3,1.4337591274786514,-1.1337591274786514
1DIV_A_E100A,0.98,0.6788987896253926,0.30110121037460735
1DIV_A_E100G,1.52,0.8492675287969524,0.6707324712030476
1DIV_A_E17Q,0.21,0.6524195527759126,-0.4424195527759126
1DIV_A_E38Q,0.56,0.4287880140250645,0.13121198597493555
1DIV_A_E48Q,-0.03,0.48793400660142355,-0.5179340066014235
1DIV_A_E54Q,-0.33,0.02303291194091679,-0.3530329119409168
1DIV_A_H106Q,1.53,1.1472182757260174,0.3827817242739826
1DIV_A_H134Q,0.34,0.9884179641490584,-0.6484179641490584
1DIV_A_H144Q,0.56,0.47833256131229346,0.0816674386877066
1DIV_A_I115A,3.52,2.800781773194519,0.7192182268054812
1DIV_A_I121A,2.88,3.344947245392056,-0.464947245392056
1DIV_A_I4A,2.22,2.21412786814248,0.005872131857520113
1DIV_A_I4V,0.59,1.3104562950021073,-0.7204562950021073
1DIV_A_I79A,3.49,2.646579357983348,0.8434206420166523
1DIV_A_I93A,3.19,2.7051401349622592,0.4848598650377407
1DIV_A_I98A,4.28,1.1837364374153425,3.0962635625846575
1DIV_A_K10M,-0.05,0.13667446619396548,-0.1866744661939655
1DIV_A_K14M,-0.01,0.748805173166816,-0.7588051731668161
1DIV_A_K15M,0.31,0.0631080511696953,0.24689194883030469
1DIV_A_K7M,-0.35,0.6319035401775039,-0.9819035401775039
1DIV_A_K96A,-0.61,-0.5570899874721801,-0.052910012527819905
1DIV_A_K96G,0.2,0.32279733882415274,-0.12279733882415272
1DIV_A_L102A,2.37,3.0098569316476524,-0.6398569316476523
1DIV_A_L108A,2.33,2.129844518552165,0.20015548144783502
1DIV_A_L110A,3.21,2.1571561983434457,1.0528438016565542
1DIV_A_L117A,0.82,2.3889749039266652,-1.5689749039266654
1DIV_A_L133A,2.94,2.820667307184785,0.11933269281521497
1DIV_A_L141A,3.56,2.952135139337466,0.6078648606625339
1DIV_A_L30A,2.76,3.0890473414918334,-0.32904734149183357
1DIV_A_L30V,3.62,2.2391820711203656,1.3808179288796345
1DIV_A_L6A,3.1,2.5361635650563814,0.5638364349436187
1DIV_A_L6I,0.13,0.8714823066147185,-0.7414823066147185
1DIV_A_L6V,0.41,2.077622643576789,-1.6676226435767891
1DIV_A_L72A,3.77,2.5342941281824665,1.2357058718175336
1DIV_A_M1A,1.46,0.5872608011859127,0.8727391988140872
1DIV_A_M1G,2.36,1.0190364506335226,1.3409635493664773
1DIV_A_V129A,1.81,2.6550211912367954,-0.8450211912367953
1DIV_A_V131A,1.93,2.630273085771535,-0.7002730857715351
1DIV_A_V137A,2.41,2.063272241752947,0.34672775824705315
1DIV_A_V143A,3.25,2.656962506005277,0.5930374939947232
1DIV_A_V145A,1.92,1.7481923701594055,0.1718076298405944
1DIV_A_V21A,2.33,2.7903560032407,-0.46035600324070014
1DIV_A_V21I,0.4,1.1917802742462429,-0.7917802742462429
1DIV_A_V21L,1.23,1.2904480323277303,-0.06044803232773033
1DIV_A_V3A,2.55,2.424225438558379,0.12577456144162102
1DIV_A_V3I,0.31,0.7260671569908551,-0.4160671569908551
1DIV_A_V3L,2.21,0.9752733027114545,1.2347266972885453
1DXX_A_K18N,3.7,0.9315601735275488,2.7684398264724512
1EKG_A_L115C,1.0,1.0061629379048125,-0.006162937904812482
1EKG_A_L117C,2.0,0.6026763566944847,1.3973236433055152
1EKG_A_L120C,-1.0,2.123167485912741,-3.123167485912741
1EKG_A_S98F,2.6,1.2622250176253762,1.3377749823746239
1F8I_A_F346A,0.46,1.193274462003145,-0.7332744620031451
1FH5_H_S15N,-0.6,1.1729498087371366,-1.7729498087371365
1FRD_A_H42R,-4.0,-0.917367224918834,-3.0826327750811657
1FT8_A_I163V,0.64,0.3640274124466321,0.2759725875533679
1FT8_A_L111V,1.38,0.3659249914447599,1.0140750085552401
1FT8_A_L137I,0.35,0.43082969366492485,-0.08082969366492487
1FT8_A_L166I,0.11,0.7803110378617735,-0.6703110378617735
1FT8_A_L192I,0.8,0.6774770869758351,0.12252291302416496
1FT8_A_L192V,1.41,0.9342748995906491,0.4757251004093508
1FT8_A_L214A,1.65,1.3504684522914623,0.2995315477085376
1FT8_A_L216I,0.85,0.7041998841702234,0.1458001158297766
1FT8_A_L247I,0.53,0.7173079667763808,-0.18730796677638073
1FT8_A_L248I,-0.05,-0.3034967093433972,0.2534967093433972
1FT8_A_M115L,-0.27,0.2938707035037115,-0.5638707035037115
1FT8_A_S238A,-0.32,-0.23404068095833858,-0.08595931904166143
1FT8_A_V186A,0.16,0.19549485189240845,-0.03549485189240845
1FXA_A_E94D,1.1,0.9215639988509453,0.17843600114905478
1FXA_A_E94K,0.4,0.5961500681503895,-0.1961500681503895
1FXA_A_E94Q,-0.6,0.4494004872527372,-1.0494004872527372
1FXA_A_E95K,-1.0,-0.368677553628733,-0.631322446371267
1FXA_A_F65A,1.0,1.4894386594512392,-0.4894386594512392
1FXA_A_F65I,0.9,0.7665216168605534,0.1334783831394466
1FXA_A_F65W,0.6,0.6964771099813033,-0.09647710998130332
1FXA_A_F65Y,0.5,-0.015205981773093086,0.5152059817730931
1FXA_A_R42A,2.4,1.6741467672243167,0.7258532327756833
1FXA_A_R42H,1.4,1.7934168503614771,-0.3934168503614772
1FXA_A_T48A,-0.1,0.4539124438837277,-0.5539124438837277
1G3P_A_A147K,0.29,0.6929014231917784,-0.4029014231917784
1G3P_A_D160A,0.26,0.16139782069635705,0.09860217930364296
1G3P_A_D160C,0.1,0.6915426438019537,-0.5915426438019538
1G3P_A_D160E,0.36,0.220424772410371,0.13957522758962898
1G3P_A_D160F,0.36,-0.1812863507229314,0.5412863507229314
1G3P_A_D160G,0.67,1.0367696973489162,-0.3667696973489162
1G3P_A_D160H,-0.05,0.35704530291413156,-0.40704530291413155
1G3P_A_D160I,0.93,-0.4219745545363488,1.3519745545363488
1G3P_A_D160K,0.34,0.21465369046150706,0.12534630953849296
1G3P_A_D160L,0.55,-0.10778902749726221,0.6577890274972622
1G3P_A_D160M,0.5,0.10282648615288131,0.3971735138471187
1G3P_A_D160N,-0.07,0.16813401818752666,-0.23813401818752666
1G3P_A_D160P,0.64,0.788963944891367,-0.148963944891367
1G3P_A_D160Q,0.48,0.27212088775576443,0.20787911224423555
1G3P_A_D160R,0.67,-0.2209338577712444,0.8909338577712445
1G3P_A_D160S,0.29,0.013288656658057,0.276711343341943
1G3P_A_D160T,0.74,0.7988574778157063,-0.05885747781570627
1G3P_A_D160V,1.12,0.4990210704963806,0.6209789295036194
1G3P_A_D160W,0.17,-0.19957027906121783,0.36957027906121787
1G3P_A_D160Y,0.07,-0.3030281565116166,0.3730281565116166
1G3P_A_F136V,3.7,1.0450575484164186,2.6549424515835813
1G3P_A_N138G,-0.76,0.417230229825685,-1.177230229825685
1G3P_A_N139K,0.43,0.15551488709080652,0.2744851129091935
1G3P_A_N139V,2.03,0.33686229910789445,1.6931377008921054
1G3P_A_Q137N,1.79,0.575050440831048,1.214949559168952
1G3P_A_Q145N,-0.26,0.8889699515720787,-1.1489699515720786
1G3P_A_R144V,-0.76,0.5385301302705737,-1.2985301302705738
1GLU_A_C67A,1.22,1.0248125030857893,0.19518749691421067
1GUA_B_A68G,1.96,1.6372192069725575,0.32278079302744245
1GUA_B_A68L,1.95,-0.5766521254337719,2.5266521254337717
1GUA_B_A35G,2.15,2.406655293211617,-0.25665529321161706
1GUA_B_A47G,0.86,1.0584765344565057,-0.1984765344565057
1GUA_B_C31A,-0.28,0.6173547195027178,-0.8973547195027178
1GUA_B_C31I,0.91,-0.13355081551452522,1.0435508155145252
1GUA_B_C45A,0.08,0.7378627043810483,-0.6578627043810483
1GUA_B_C46A,1.76,1.3957936602856396,0.36420633971436045
1GUA_B_C46L,0.04,0.40089314201653536,-0.3608931420165354
1GUA_B_C46M,0.34,0.5298695383507748,-0.18986953835077475
1GUA_B_D67A,0.71,0.047028740514579045,0.6629712594854209
1GUA_B_D79A,0.86,0.24369808733760162,0.6163019126623983
1GUA_B_D30A,0.49,1.2834103556655263,-0.7934103556655263
1GUA_B_E54A,-0.02,0.4609452319252578,-0.48094523192525784
1GUA_B_E74A,0.1,1.553636671495062,-1.453636671495062
1GUA_B_E75A,0.59,1.6320581481682073,-1.0420581481682074
1GUA_B_I8A,3.27,2.8155617365685877,0.45443826343141236
1GUA_B_I8F,1.3,1.3670828229862548,-0.06708282298625479
1GUA_B_I8L,0.77,0.9581079407700968,-0.18810794077009674
1GUA_B_K59A,0.33,0.6247892956149605,-0.29478929561496053
1GUA_B_L62A,2.59,2.7305029718200924,-0.14050297182009253
1GUA_B_L71A,2.53,1.5801073281878317,0.9498926718121681
1GUA_B_L76A,3.4,0.17367159388364328,3.2263284061163566
1GUA_B_L12A,3.46,2.9232482694107342,0.5367517305892657
1GUA_B_L28A,3.8,1.1805110383373336,2.6194889616626664
1GUA_B_L32A,3.53,1.511276321355687,2.018723678644313
1GUA_B_L32I,1.6,0.36190289926281083,1.2380971007371893
1GUA_B_L32V,1.7,0.1570393024691876,1.5429606975308123
1GUA_B_L36A,3.23,2.8937070057743166,0.3362929942256834
1GUA_B_L41A,1.58,2.667986627164105,-1.087986627164105
1GUA_B_M26A,0.96,0.7868080438322719,0.1731919561677281
1GUA_B_N6M,-0.27,0.1158754865728783,-0.3858754865728783
1GUA_B_N14A,1.14,1.4759757095468538,-0.33597570954685385
1GUA_B_P13A,1.71,2.368818169938512,-0.6588181699385118
1GUA_B_P43A,0.08,2.0441588358149976,-1.9641588358149975
1GUA_B_Q16A,0.5,0.10366600468629067,0.39633399531370933
1GUA_B_R50A,0.69,-0.2799334164923855,0.9699334164923854
1GUA_B_R9A,-0.18,0.9035750787988102,-1.08357507879881
1GUA_B_R39L,-1.08,2.1114731944175555,-3.1914731944175556
1GUA_B_S27A,1.57,0.6916071121526154,0.8783928878473847
1GUA_B_S27T,-0.58,0.15823863835876018,-0.7382386383587601
1GUA_B_T18A,0.11,0.6830230306771656,-0.5730230306771656
1GUA_B_V78A,3.37,1.352567345526447,2.017432654473553
1GUA_B_V10A,2.25,2.4694375378573747,-0.21943753785737474
1GUA_B_V19A,1.12,1.4452777664160288,-0.3252777664160287
1GUA_B_V20A,1.77,2.308356803077368,-0.538356803077368
1GUA_B_V22A,1.05,1.5330737831512005,-0.4830737831512004
1GUA_B_V22I,0.86,0.12874842836653538,0.7312515716334647
1GUA_B_V48A,1.98,1.9090763502692931,0.07092364973070686
1GWY_A_A8D,1.6,1.0341591993044648,0.5658408006955353
1H0X_A_P21A,1.94,1.4993284863199665,0.44067151368003343
1H0X_A_P65A,2.58,0.5337564598201684,2.0462435401798316
1HCQ_A_C67A,2.09,1.5050378340428932,0.5849621659571067
1HCQ_A_C67S,1.99,2.0442743441191853,-0.0542743441191853
1IOJ_A_G15A,-0.4,0.8994491427411009,-1.2994491427411008
1IR3_A_W198F,-0.6,0.4918528990355959,-1.091852899035596
1ITM_A_C25T,3.3,2.227380765133131,1.0726192348668686
1ITM_A_C4T,5.0,0.04348111984701713,4.9565188801529825
1ITM_A_W92S,-1.4,1.1936906639655764,-2.5936906639655763
1IV7_B_A73C,-0.5,-0.5607559814419567,0.06075598144195671
1IV7_B_F89C,2.5,0.9967045819479583,1.5032954180520417
1IV7_B_L62C,1.9,2.0589361465907663,-0.15893614659076638
1IV9_A_S76Y,-4.3,-0.4228506619673013,-3.8771493380326985
1J8I_A_K25A,-0.1,1.0303551925134489,-1.130355192513449
1J8I_A_K66A,-0.1,0.3525753272705972,-0.45257532727059724
1J8I_A_R23A,-0.8,0.3963867146966187,-1.1963867146966187
1J8I_A_R35A,0.1,1.4827443821464716,-1.3827443821464716
1J8I_A_R43A,-0.7,0.2719561335309976,-0.9719561335309976
1J8I_A_R9A,0.1,0.36397768422443505,-0.263977684224435
1JL9_A_A25C,1.44,1.4782535940947303,-0.03825359409473039
1JLV_A_E64D,1.16,1.246709235403588,-0.0867092354035881
1JLV_A_E64N,2.3,0.7197391098257873,1.5802608901742126
1JLV_A_E64Q,2.3,0.36426059894541646,1.9357394010545834
1L6H_A_F39A,1.7,2.2071813158772002,-0.5071813158772003
1L6H_A_Y45A,0.55,1.5316583946835716,-0.9816583946835715
1L6H_A_Y48A,1.48,1.983516110020089,-0.5035161100200891
1LVM_A_E114G,-1.4,-0.2190221517672979,-1.180977848232702
1LVM_A_K53F,-0.43,-0.08932368834295581,-0.34067631165704415
1LVM_A_L64V,-0.0,0.34776870619607475,-0.34776870619607475
1LVM_A_Q66F,-0.6,0.833049033908276,-1.433049033908276
1LVM_A_S143G,-0.0,0.7339907393631437,-0.7339907393631437
1N18_A_E101G,2.5,1.6762654645650006,0.8237345354349994
1N18_A_G86R,1.4,0.5144825653265059,0.885517434673494
1N18_A_H47R,-1.4,1.5319386557784447,-2.9319386557784446
1N18_A_V149I,-0.1,0.2728447965876501,-0.37284479658765013
1N88_A_F21A,1.39,0.9761311995374029,0.413868800462597
1N88_A_I39A,1.39,2.799015194336576,-1.409015194336576
1N88_A_I80A,2.79,2.9890864192110205,-0.19908641921102044
1N88_A_I89A,2.35,2.65941921836902,-0.30941921836901987
1N88_A_I8V,1.52,1.2592399065433726,0.26076009345662743
1N88_A_L13A,1.52,2.066111667719123,-0.5461116677191229
1N88_A_L57A,1.11,1.9063848037487678,-0.7963848037487677
1N88_A_V12A,1.94,1.355520130699616,0.5844798693003839
1N88_A_V30A,2.84,2.6280695476678333,0.21193045233216656
1N88_A_V43A,2.82,1.9518143030615254,0.8681856969384745
1N88_A_V49A,2.83,2.3130860015560177,0.5169139984439823
1N88_A_V51A,3.24,2.3390726665219783,0.9009273334780219
1N88_A_V54A,3.73,2.363322995476363,1.3666770045236372
1N88_A_V81A,2.82,2.4056970485117173,0.41430295148828256
1N88_A_V83A,3.1,2.441331725090465,0.6586682749095352
1N88_A_Y18A,-0.06,1.6536892006454424,-1.7136892006454425
1N88_A_Y26A,4.61,1.9160892281072655,2.693910771892735
1NM1_A_D179N,0.88,0.8828841962635536,-0.002884196263553629
1NM1_A_D179Y,1.9,0.41225168308020327,1.4877483169197967
1O1U_A_E110A,3.3,1.1475389391978401,2.1524610608021595
1O1U_A_N61A,1.2,0.32660092671650093,0.8733990732834991
1O1U_A_Q51A,0.3,0.7519157605428521,-0.45191576054285215
1O1U_A_Q99A,-0.3,0.39454234215082135,-0.6945423421508213
1O1U_A_T38A,1.2,1.5054966456719172,-0.30549664567191726
1O1U_A_W49Y,1.2,1.1452412252054789,0.05475877479452107
1O6X_A_A31G,1.2,1.3649814848131268,-0.1649814848131268
1O6X_A_A50G,1.4,1.0594398951641948,0.3405601048358051
1O6X_A_D38A,-0.36,0.9424693171137083,-1.3024693171137083
1O6X_A_E14A,0.3,0.889865047666243,-0.589865047666243
1O6X_A_E20G,1.42,1.558356652912152,-0.13835665291215204
1O6X_A_F39L,1.88,1.0927658306031607,0.7872341693968392
1O6X_A_F65A,0.98,1.8267857702406198,-0.8467857702406199
1O6X_A_H51A,0.61,1.4460214420207187,-0.8360214420207187
1O6X_A_I15V,0.43,1.274833765173388,-0.8448337651733882
1O6X_A_I23V,-0.42,0.6362802592798329,-1.0562802592798328
1O6X_A_I71V,1.31,1.4958032298829818,-0.1858032298829817
1O6X_A_I75A,1.31,2.1138245755825515,-0.8038245755825515
1O6X_A_K41A,1.98,0.5616837404027836,1.4183162595972165
1O6X_A_L26V,0.97,2.104076929080967,-1.134076929080967
1O6X_A_N58A,0.08,1.1857137072780015,-1.1057137072780014
1O6X_A_Q60G,0.49,0.7916158382708534,-0.30161583827085336
1O6X_A_V12A,1.1,2.254716777408213,-1.154716777408213
1O6X_A_V52A,1.08,2.529782294115026,-1.449782294115026
1O6X_A_V64G,1.1,1.1289175484327922,-0.02891754843279215
1O6X_A_Y73L,2.78,1.4136154705093618,1.366384529490638
1OSI_A_I11V,0.05,0.8969326469166916,-0.8469326469166916
1OSI_A_S92F,-0.39,-0.11711666084666725,-0.27288333915333274
1OSI_A_V126M,2.25,0.4536857629964181,1.7963142370035818
1OSI_A_V15I,0.78,-0.12884102661858765,0.9088410266185877
1PFL_A_A20T,1.53,0.8533692629811458,0.6766307370188542
1PFL_A_G117V,1.96,2.0042022851265315,-0.04420228512653157
1PFL_A_M113T,3.53,1.7048751534790934,1.8251248465209065
1PFL_A_Q138L,-1.82,0.4077589784940175,-2.2277589784940175
1PFL_A_T108M,-0.07,-0.3297306606797288,0.2597306606797288
1PRE_A_C159S,2.4,0.8850265116113858,1.5149734883886141
1PRG_A_E254K,0.17,0.5461399062202789,-0.3761399062202788
1PRG_A_F154L,0.4,0.8289836096382944,-0.4289836096382944
1PRG_A_P261L,-0.11,1.3680847719210647,-1.4780847719210648
1PRG_A_Q80P,0.3,1.2124918651540029,-0.9124918651540028
1PRG_A_R82H,-0.06,1.0154453219814923,-1.0754453219814923
1PRG_A_R151A,-0.19,0.21216889142188153,-0.4021688914218815
1PRG_A_V84M,-0.03,0.34665391653767663,-0.37665391653767666
1R2Y_A_R244E,4.2,1.3431457118955452,2.856854288104455
1R6R_A_I88N,0.13,0.42568164544734505,-0.29568164544734504
1R6R_A_L50S,2.81,0.6124922056275917,2.1975077943724086
1R6R_A_L54S,0.24,0.9488363322935881,-0.7088363322935881
1R6R_A_L81N,6.84,1.0418604109669176,5.798139589033083
1SPD_A_C111S,-0.8,-0.6948745913079126,-0.10512540869208742
1SPD_A_C6A,-0.1,0.9836130333018054,-1.0836130333018055
1X0J_A_D88N,4.1,0.7936580203300605,3.306341979669939
1X0J_A_D88Y,4.02,0.40143452150120734,3.6185654784987924
1X0J_A_D89N,2.21,0.6869099072662023,1.5230900927337978
1X0J_A_D89Y,3.38,0.8739040186100634,2.5060959813899366
1X0J_A_E68K,3.48,1.593505881225737,1.886494118774263
1X0J_A_R28L,5.22,-0.17367547035815797,5.393675470358158
1X0J_A_Y81H,6.49,0.9809380681096125,5.509061931890388
1XWS_A_E124Q,2.9,0.39674111227206166,2.503258887727938
1XWS_A_E135K,4.59,0.6639028185109366,3.9260971814890633
1XWS_A_E142D,3.22,-0.0125601222026132,3.2325601222026132
1XWS_A_Y53H,3.3,1.772355087483424,1.5276449125165759
1XXN_A_N181R,-0.36,-0.044207691936365576,-0.3157923080636344
1XXN_A_N32D,0.86,0.17723558022896965,0.6827644197710303
1XXN_A_N54E,0.64,0.3545396278470114,0.28546037215298864
1XXN_A_S22E,-0.24,0.25764455889936394,-0.49764455889936393
1XXN_A_S27E,0.64,0.540579727530801,0.09942027246919904
1XZO_A_F42W,-2.87,-0.18174638449986635,-2.688253615500134
1XZO_A_W101F,2.89,1.127761546101914,1.7622384538980862
1XZO_A_W36A,8.93,2.284966830487755,6.645033169512245
1XZO_A_W36F,4.25,1.2542117528359875,2.9957882471640125
2ARF_A_H38Q,0.72,1.2605197131663484,-0.5405197131663484
2BJD_A_V84D,4.49,0.8583285195719857,3.6316714804280146
2BJD_A_V84P,4.52,2.797041576120142,1.7229584238798576
2BJD_A_Y86E,2.1,2.0865730264854734,0.013426973514526708
2C9Q_A_Y79F,0.01,2.2007763121818145,-2.1907763121818147
2C9Q_A_Y79W,1.23,1.6453208631945768,-0.41532086319457684
2CLR_B_H14F,-0.12,0.22886419253286175,-0.3488641925328617
2CLR_B_H32F,-2.6,0.28552260413409847,-2.8855226041340987
2CLR_B_H52F,1.91,0.7668928441688218,1.1431071558311783
2CLR_B_H85A,2.63,3.615314336208771,-0.9853143362087713
2DVV_A_Q100H,-0.89,0.7829305435381384,-1.6729305435381385
2DVV_A_R76W,0.02,0.5247880608239698,-0.5047880608239698
2H3F_A_E11A,-1.07,0.7302513527922531,-1.800251352792253
2HBB_A_A22G,0.32,1.0818568259519739,-0.7618568259519738
2HBB_A_A26G,1.79,1.7026743054417046,0.08732569455829542
2HBB_A_A36G,1.55,1.245367122331576,0.30463287766842395
2HBB_A_A39G,1.59,0.6614300879317938,0.9285699120682063
2HBB_A_A42G,0.33,0.24901346921622697,0.08098653078377305
2HBB_A_A46G,0.55,1.0268485210023148,-0.4768485210023148
2HBB_A_A49G,0.22,0.1985447575756948,0.021455242424305188
2HBB_A_D23A,0.03,0.49045823481372647,-0.4604582348137265
2HBB_A_D23N,0.79,1.7434838710963387,-0.9534838710963387
2HBB_A_D8A,1.3,1.030280890589398,0.26971910941060195
2HBB_A_D8N,0.38,1.3811003235920096,-1.0011003235920097
2HBB_A_E17A,1.69,1.3229494740150864,0.3670505259849135
2HBB_A_E17Q,0.33,1.2296359032746644,-0.8996359032746644
2HBB_A_E38A,0.41,0.0841495237051431,0.32585047629485686
2HBB_A_E38Q,0.68,-0.18791989331576064,0.8679198933157607
2HBB_A_E48Q,-0.07,-0.15721654351661657,0.08721654351661656
2HBB_A_F31A,2.84,1.5995668745066496,1.2404331254933503
2HBB_A_F5L,1.15,0.7914152058902851,0.3585847941097148
2HBB_A_G24A,-0.02,2.2184441997277538,-2.2384441997277538
2HBB_A_G34A,1.02,1.5217573578808137,-0.5017573578808137
2HBB_A_I18A,2.05,2.099959552522444,-0.049959552522444106
2HBB_A_I18V,0.07,1.2375484146921456,-1.1675484146921455
2HBB_A_I37A,1.28,2.865647662960185,-1.585647662960185
2HBB_A_I37V,-0.09,1.2261526153104454,-1.3161526153104455
2HBB_A_I4V,0.59,2.0822544505302645,-1.4922544505302646
2HBB_A_K10E,-0.13,-0.32123017513692836,0.19123017513692836
2HBB_A_K10M,-0.47,1.0752652966550569,-1.5452652966550569
2HBB_A_K12A,-0.61,-0.12936633049189578,-0.4806336695081042
2HBB_A_K12G,-0.03,-0.24154359675985457,0.21154359675985457
2HBB_A_K12M,-1.8,-0.42147889161502805,-1.378521108384972
2HBB_A_K14A,0.73,1.3608348148594074,-0.6308348148594074
2HBB_A_K14G,1.3,1.816759204619167,-0.5167592046191669
2HBB_A_K14M,0.34,0.9479370629082273,-0.6079370629082272
2HBB_A_K15G,1.74,1.679603268480649,0.06039673151935099
2HBB_A_K15M,0.44,1.0492688979151434,-0.6092688979151435
2HBB_A_K7M,-0.21,1.0713299834485628,-1.2813299834485627
2HBB_A_L30A,2.76,2.654233025444952,0.1057669745550478
2HBB_A_L35A,1.21,2.3748279240111247,-1.1648279240111248
2HBB_A_L44A,1.73,2.2202685152449275,-0.49026851524492754
2HBB_A_L47A,0.84,1.9164630204964797,-1.0764630204964796
2HBB_A_L6A,3.1,1.8918942707766864,1.2081057292233137
2HBB_A_M1A,1.46,1.7474166636582709,-0.2874166636582709
2HBB_A_T40S,0.8,0.7494500098629041,0.050549990137095935
2HBB_A_V21A,2.33,2.2841284231551757,0.04587157684482435
2HBB_A_V3A,2.55,2.9020674388787944,-0.35206743887879455
2HBB_A_V9A,1.81,2.564332605505171,-0.7543326055051711
2JIE_A_C176A,-3.0,0.9152067462026146,-3.9152067462026148
2JIE_A_C176Q,-2.58,1.0134954972309704,-3.5934954972309705
2JIE_A_E163D,2.08,0.2776382308009034,1.8023617691990967
2JIE_A_E173A,-4.25,-0.4971430877541465,-3.7528569122458535
2JIE_A_E231A,4.36,1.1413616861389748,3.2186383138610255
2JIE_A_E231H,1.52,1.3770280538310873,0.14297194616891273
2JIE_A_E415A,-0.82,0.22643454844210242,-1.0464345484421025
2JIE_A_E415D,0.91,0.14447205737517974,0.7655279426248203
2JIE_A_E432S,-0.87,0.5991177634590674,-1.4691177634590673
2JIE_A_F424A,0.16,0.728894502279132,-0.568894502279132
2JIE_A_H110R,-1.54,0.507611370777501,-2.047611370777501
2JIE_A_I253E,-1.24,1.4371209543085628,-2.677120954308563
2JIE_A_I253N,-0.97,1.6627704839535553,-2.6327704839535553
2JIE_A_L180A,0.79,0.9996651801365459,-0.2096651801365459
2JIE_A_L180R,-0.34,0.6873949305004791,-1.027394930500479
2JIE_A_M230A,4.1,0.8997125126380082,3.2002874873619915
2JIE_A_M332A,1.3,0.31034272549119174,0.9896572745088084
2JIE_A_N172A,3.4,0.008020535900103803,3.391979464099896
2JIE_A_N172C,2.96,-0.1763699204066285,3.1363699204066284
2JIE_A_N229A,0.67,0.1605645826392152,0.5094354173607849
2JIE_A_N229G,-3.46,0.7138874381668626,-4.1738874381668625
2JIE_A_N229H,-2.58,0.4693981270973511,-3.0493981270973514
2JIE_A_N229R,-3.98,-0.4554092692755821,-3.5245907307244178
2JIE_A_N229Y,-5.73,-0.1732945694085094,-5.556705430591491
2JIE_A_N302A,2.25,-0.6079766342891046,2.8579766342891046
2JIE_A_N302C,0.02,0.32916940449164583,-0.3091694044916458
2JIE_A_N413A,-0.46,-0.049139655922510996,-0.410860344077489
2JIE_A_N413C,-0.14,0.12145074581389492,-0.26145074581389494
2JIE_A_Q28S,0.21,0.3277484184492403,-0.1177484184492403
2JIE_A_R249A,0.17,0.4524836419337864,-0.2824836419337864
2JIE_A_R249D,-0.21,0.7472109602445859,-0.9572109602445859
2JIE_A_R249K,1.46,0.9934647103491097,0.4665352896508903
2JIE_A_S23A,1.25,0.09952799445225576,1.1504720055477442
2JIE_A_S25A,-0.95,0.31071629495860875,-1.2607162949586086
2JIE_A_S340A,1.45,0.05390754656700381,1.3960924534329961
2JIE_A_S409A,-0.92,0.1760935025049074,-1.0960935025049074
2JIE_A_T24A,0.99,0.9446169467919112,0.045383053208088775
2JIE_A_T227A,-3.19,0.15881688513187991,-3.34881688513188
2JIE_A_T361A,2.96,0.5437594040166646,2.4162405959833353
2JIE_A_W129F,-2.19,0.5233414255592878,-2.7133414255592876
2JIE_A_W129H,-1.06,0.08909781352246718,-1.1490978135224672
2JIE_A_W334A,1.16,0.6914458510582068,0.46855414894179315
2JIE_A_W334C,2.66,0.4901013408359688,2.1698986591640312
2JIE_A_W334H,2.57,0.7041839970532684,1.8658160029467314
2JIE_A_W334R,0.95,0.5993288945227603,0.3506711054772397
2JIE_A_W408C,0.36,0.8264581461777168,-0.46645814617771686
2JIE_A_W408R,-2.62,0.7922019460985156,-3.4122019460985156
2JIE_A_W418Y,-0.6,0.038626761878839996,-0.6386267618788399
2JIE_A_Y27A,3.44,0.8985970347979519,2.541402965202048
2JIE_A_Y303A,-1.07,0.6471564550103641,-1.7171564550103642
2JIE_A_Y303F,1.85,0.6820340194326809,1.167965980567319
2JUC_A_C57D,2.54,0.7311582837102462,1.8088417162897539
2JUC_A_C57S,0.71,1.8889346409564796,-1.1789346409564796
2JUC_A_R18A,1.75,1.2090005531392838,0.5409994468607162
2KJ3_A_D72A,-1.2,1.0114507298518691,-2.211450729851869
2KJ3_A_E56A,-1.9,0.8158404676507889,-2.715840467650789
2KJ3_A_G62A,0.8,1.033572044957291,-0.2335720449572909
2KJ3_A_K13A,-1.5,1.3824655171830538,-2.8824655171830535
2KJ3_A_L25A,-1.0,1.103691253981065,-2.103691253981065
2KJ3_A_S57A,-1.4,0.4231189283671715,-1.8231189283671714
2KJ3_A_V23A,-1.0,1.2000324869512216,-2.2000324869512218
2KJ3_A_V48A,-1.0,0.3671034834020607,-1.3671034834020608
2KJ3_A_V51A,-0.2,0.69783519474817,-0.89783519474817
2KS4_A_D9A,-1.26,0.5169625614069591,-1.776962561406959
2KS4_A_E2A,0.23,0.11502311850671768,0.11497688149328233
2LTB_A_L59P,1.57,1.3536981712682608,0.2163018287317393
2LTB_A_L70R,3.11,1.8662949069812398,1.24370509301876
2LTB_A_M120K,3.34,2.1156633318399205,1.2243366681600794
2LTB_A_R34Q,1.1,0.6566451838420666,0.4433548161579335
2LTB_A_R56Q,0.36,-0.07446685463907811,0.4344668546390781
2LTB_A_R56W,-1.79,-0.5278371952333208,-1.262162804766679
2M5S_A_D87A,4.0,1.3503035178336737,2.649696482166326
2M5S_A_H90A,2.0,1.5387026719182542,0.46129732808174584
2MPC_A_A89T,0.24,1.3995627989176156,-1.1595627989176156
2MPC_A_R42A,-0.62,0.05680714658362478,-0.6768071465836247
2MPC_A_R42W,-2.08,-0.9248010960581429,-1.1551989039418573
2N7Z_A_P88A,0.6,0.8045251101762293,-0.20452511017622932
2NTE_A_I171V,2.0,1.1436852278291807,0.8563147721708193
2NTE_A_R91C,2.3,1.607529643943015,0.6924703560569849
2OUO_A_A90D,-0.44,0.8706045256489777,-1.3106045256489778
2PR5_A_A18Y,-0.5,1.3905025243052507,-1.8905025243052507
2PR5_A_A66M,0.4,1.9367177336360997,-1.5367177336360998
2PR5_A_D94E,-0.3,-0.5861017921412222,0.28610179214122217
2PR5_A_H7K,-0.3,0.6101065378960779,-0.910106537896078
2PR5_A_H7W,-1.2,1.1701185528828544,-2.3701185528828543
2PR5_A_M96F,-2.9,0.3878253030200264,-3.287825303020026
2PR5_A_N92F,-0.9,0.878834602440812,-1.7788346024408122
2PR5_A_N92Y,-0.8,0.8708741514931077,-1.6708741514931078
2PR5_A_N109F,-1.1,0.13994626361198698,-1.2399462636119871
2PR5_A_N109Y,-2.6,-0.6072746064975528,-1.9927253935024472
2PR5_A_T15M,-0.5,0.3193243666956651,-0.8193243666956651
2PR5_A_T35M,0.5,1.4838716849687734,-0.9838716849687734
2PR5_A_T39Y,-0.2,0.2730661963431009,-0.47306619634310093
2PR5_A_V105I,-1.4,0.5378091473132796,-1.9378091473132795
2PR5_A_V10I,-0.4,0.2777959658284417,-0.6777959658284417
2PR5_A_V73L,0.2,1.211797311593002,-1.0117973115930021
2PR5_A_V75I,0.7,0.44410049615705754,0.2558995038429424
2PTL_A_A22G,2.43,1.6374178594760023,0.7925821405239979
2PTL_A_A27P,-0.1,-0.5780558910705923,0.4780558910705923
2PTL_A_A27V,0.83,1.1100507561776707,-0.2800507561776707
2PTL_A_A34G,2.17,1.6333498325980853,0.5366501674019146
2PTL_A_A34V,-1.47,-1.3172779372375687,-0.15272206276243128
2PTL_A_A43G,2.54,2.0850158266057814,0.4549841733942186
2PTL_A_A47G,3.1,1.8656032282019854,1.2343967717980147
2PTL_A_A49G,1.32,1.1270314849074106,0.1929685150925895
2PTL_A_A51G,3.12,1.9459537566349534,1.1740462433650467
2PTL_A_A66G,0.49,-0.5001079685939146,0.9901079685939146
2PTL_A_D52A,1.21,0.845207485465132,0.36479251453486794
2PTL_A_D52G,2.14,1.5188185782822787,0.6211814217177214
2PTL_A_D64A,0.2,0.8361399794328186,-0.6361399794328186
2PTL_A_E35A,0.59,1.3978191600628702,-0.8078191600628702
2PTL_A_E46G,1.19,1.5264413638186243,-0.33644136381862433
2PTL_A_E46I,1.08,0.3851973683655234,0.6948026316344766
2PTL_A_E60A,0.23,1.2113451743944095,-0.9813451743944095
2PTL_A_F26A,3.12,1.7404621918414989,1.3795378081585012
2PTL_A_F26L,0.68,1.9002233251910157,-1.2202233251910157
2PTL_A_F36A,4.15,2.288082043726908,1.8619179562730923
2PTL_A_F36L,3.12,1.8392511209767932,1.2807488790232069
2PTL_A_F40G,3.08,1.2376798730093495,1.8423201269906506
2PTL_A_F40L,0.38,-0.2228023741877789,0.6028023741877789
2PTL_A_F76L,3.34,0.9230993811747167,2.416900618825283
2PTL_A_F76V,3.73,1.0946825718773625,2.6353174281226375
2PTL_A_G29A,1.52,2.0251251641662424,-0.5051251641662424
2PTL_A_G29V,2.53,1.835100140640384,0.6948998593596158
2PTL_A_G38A,2.08,1.854242126316751,0.22575787368324907
2PTL_A_G59A,2.23,0.16357219348468843,2.0664278065153114
2PTL_A_G69A,2.04,0.9195861255246475,1.1204138744753527
2PTL_A_I20A,4.9,2.4598872690888935,2.440112730911107
2PTL_A_I20V,0.56,0.6519575164436207,-0.0919575164436206
2PTL_A_I25A,1.37,1.9988899720125706,-0.6288899720125705
2PTL_A_I25V,0.47,0.7452073544954032,-0.27520735449540323
2PTL_A_I74A,4.72,2.17767593030775,2.5423240696922496
2PTL_A_I74V,1.69,1.292465784352233,0.39753421564776703
2PTL_A_K21A,0.92,1.6826034627064046,-0.7626034627064046
2PTL_A_K37A,0.88,1.3645910063980768,-0.48459100639807684
2PTL_A_K42G,-0.16,1.6664099962274987,-1.8264099962274987
2PTL_A_K55A,-0.58,0.6425902057327323,-1.2225902057327322
2PTL_A_K56A,-0.35,1.0678800790405056,-1.4178800790405055
2PTL_A_K68A,0.09,0.8619528280388411,-0.7719528280388411
2PTL_A_K75A,0.45,1.4814056569537455,-1.0314056569537455
2PTL_A_L24A,3.12,2.550675520571212,0.5693244794287882
2PTL_A_L54A,2.44,1.5446063770847003,0.8953936229152997
2PTL_A_L72A,3.77,2.103401801491198,1.6665981985088019
2PTL_A_N23A,1.87,1.0404470047316214,0.8295529952683787
2PTL_A_N28A,1.78,2.147819910535805,-0.3678199105358051
2PTL_A_N58A,0.34,0.28022260464338217,0.05977739535661786
2PTL_A_N73A,1.73,1.1894282452115752,0.5405717547884248
2PTL_A_S30A,0.3,1.3501564766364804,-1.0501564766364804
2PTL_A_S45A,-0.41,0.5641167551743084,-0.9741167551743084
2PTL_A_S45G,0.82,1.831690818151084,-1.011690818151084
2PTL_A_T19A,1.63,2.275424136852483,-0.6454241368524829
2PTL_A_T31A,1.17,2.033189080603793,-0.8631890806037932
2PTL_A_T33A,1.11,1.8983249153660973,-0.7883249153660972
2PTL_A_T39A,1.25,1.9500519851437488,-0.7000519851437488
2PTL_A_T44A,1.09,0.3419287208449279,0.7480712791550721
2PTL_A_T53G,0.17,1.4730032977083527,-1.3030032977083528
2PTL_A_T62A,0.97,1.711303060390199,-0.7413030603901991
2PTL_A_T71A,1.83,1.3047230802075185,0.5252769197924816
2PTL_A_V18A,1.22,2.1396427016712334,-0.9196427016712334
2PTL_A_V63A,0.92,2.0876540960834653,-1.1676540960834654
2PTL_A_V65A,1.14,2.3529511492822315,-1.2129511492822316
2PTL_A_Y48A,2.82,1.3970596034212777,1.4229403965787222
2PTL_A_Y50A,2.46,2.5755864584417902,-0.11558645844179027
2PTL_A_Y70A,1.66,0.9889732094366199,0.67102679056338
2PTL_A_Y70L,-0.43,0.4157285534802041,-0.8457285534802041
2RPN_A_E7L,-1.05,-0.4095330801923436,-0.6404669198076565
2RPN_A_V21K,-0.39,0.09843645755079938,-0.4884364575507994
2VY0_A_D254A,5.98,0.38509805042134027,5.59490194957866
2VY0_A_E20A,6.6,-0.12096627770433639,6.720966277704336
2WQG_A_D15A,-0.3,0.3942729284980461,-0.6942729284980461
2WQG_A_D38A,-0.1,-1.2923864387366422,1.192386438736642
2WQG_A_D39A,2.2,1.151987787830312,1.0480122121696882
2WQG_A_D39N,2.6,1.6485648456053932,0.9514351543946069
2WQG_A_E40Q,0.1,0.8528591532444134,-0.7528591532444134
2WQG_A_E41G,0.4,0.7339907956724276,-0.3339907956724276
2WQG_A_I36A,0.9,1.2236203413794087,-0.32362034137940865
2WQG_A_I36V,0.3,0.9260948146052388,-0.6260948146052387
2WQG_A_K14A,0.4,0.28318594451360324,0.11681405548639678
2WQG_A_K14G,1.9,0.7957928132665641,1.1042071867334358
2WQG_A_K19A,0.3,0.2949845731238759,0.005015426876124107
2WQG_A_K28A,0.6,1.1393915185715404,-0.5393915185715404
2WQG_A_L13A,0.5,2.0881142890838116,-1.5881142890838116
2WQG_A_L16A,1.3,1.8689105958345205,-0.5689105958345204
2WQG_A_L8A,2.0,2.3592656309875872,-0.35926563098758724
2WQG_A_Q12A,0.6,0.58186221118497,0.01813778881503003
2WQG_A_Q12G,2.0,1.2521082729986182,0.7478917270013818
2WQG_A_Q33A,-0.1,-0.20888716098023621,0.10888716098023621
2WQG_A_R34A,0.8,2.2148365084195896,-1.4148365084195895
2WQG_A_S23A,0.6,0.5113849971639562,0.08861500283604373
2WQG_A_S6A,-0.1,0.45398851295861087,-0.5539885129586108
2WQG_A_S6G,0.2,1.166993203381461,-0.966993203381461
2WQG_A_T9S,-0.1,1.035427202612651,-1.135427202612651
2WQG_A_V10A,0.1,2.9542357369575396,-2.8542357369575395
2WQG_A_V10G,0.7,2.664798518120168,-1.964798518120168
2WQG_A_V11A,-0.4,-0.5879383339413436,0.18793833394134363
2WQG_A_V11G,-0.1,0.2608966140586986,-0.36089661405869855
2WQG_A_V24A,0.5,1.4191458130077137,-0.9191458130077137
2WQG_A_Y5F,2.4,1.9531412553716048,0.44685874462839514
2ZTA_A_E11Q,0.74,0.8187183962471282,-0.07871839624712818
2ZTA_A_E20Q,-0.2,0.7924751927518876,-0.9924751927518876
2ZTA_A_E22Q,1.83,0.9059308096677897,0.9240691903322104
2ZTA_A_K15A,0.41,0.7284801862359854,-0.31848018623598545
2ZTA_A_K27A,0.91,0.6973152467649206,0.2126847532350794
2ZTA_A_K28A,0.06,0.5114048303501342,-0.4514048303501342
2ZTA_A_K8A,0.39,0.46538237736873483,-0.07538237736873482
2ZTA_A_R25A,1.66,1.5191207039945063,0.14087929600549365
3BCI_A_E93Q,-1.37,0.4634530154264496,-1.8334530154264497
3BCI_A_T150V,1.14,-0.004713864479505008,1.144713864479505
3BN0_A_I20V,1.51,1.2736605876952969,0.23633941230470312
3C2I_A_D80E,-0.88,0.3156760590527124,-1.1956760590527125
3C2I_A_F79S,-0.43,0.9942238391368946,-1.4242238391368947
3C2I_A_L24V,-1.11,0.8161367554154669,-1.9261367554154671
3C2I_A_P76R,-1.46,1.084762654274192,-2.5447626542741917
3C2I_A_R30Q,-0.12,0.8873570751884978,-1.007357075188498
3C2I_A_R30W,-0.04,0.911530544457506,-0.9515305444575061
3C2I_A_R35G,0.43,1.392110406878458,-0.9621104068784581
3C2I_A_R57C,-0.37,1.2393842376882185,-1.6093842376882184
3C2I_A_R57H,-0.24,0.9165963220111669,-1.156596322011167
3C2I_A_S58C,-1.05,0.547764274099623,-1.5977642740996232
3C2I_A_T82A,-0.47,-0.06536488033605771,-0.4046351196639423
3C2I_A_T82M,-0.25,0.7668093748377119,-1.0168093748377118
3D2A_A_M134E,-3.02,0.7194215555593876,-3.7394215555593875
3D2A_A_M137P,-3.34,-0.08108483878259354,-3.2589151612174065
3D2A_A_S163P,-2.11,0.8573529342947829,-2.967352934294783
3D3B_A_D120A,0.65,0.15299694018076135,0.49700305981923865
3D3B_A_D120E,0.6,0.4875557351882431,0.1124442648117569
3D3B_A_D120K,1.6,0.23382977166438154,1.3661702283356185
3D3B_A_D120N,1.34,0.29862671492718246,1.0413732850728177
3D3B_A_D120R,1.41,0.3224639670672364,1.0875360329327635
3DV0_I_A131G,1.7,1.688866918312257,0.011133081687742852
3DV0_I_A139G,2.3,1.6953669258651614,0.6046330741348385
3DV0_I_A165G,0.9,1.522989124587733,-0.6229891245877329
3DV0_I_A168G,0.3,1.0107556151509143,-0.7107556151509142
3DV0_I_D145A,2.1,0.8816708819876875,1.2183291180123126
3DV0_I_D145N,0.9,0.863983694943818,0.03601630505618203
3DV0_I_D162N,2.0,0.8315525165238443,1.1684474834761556
3DV0_I_D164A,2.3,0.10984750119803555,2.1901524988019645
3DV0_I_D164G,3.7,1.6112364516028916,2.0887635483971083
3DV0_I_D164N,1.9,1.3144825529945399,0.58551744700546
3DV0_I_E141A,0.7,0.15427125885738346,0.5457287411426165
3DV0_I_E141Q,0.4,0.5936396714640925,-0.19363967146409244
3DV0_I_I130A,0.7,0.8895810881178473,-0.18958108811784735
3DV0_I_I130G,1.4,1.3874064732173537,0.012593526782646247
3DV0_I_I130V,0.2,0.9741455607941684,-0.7741455607941683
3DV0_I_I146A,2.7,1.8450814654616756,0.8549185345383246
3DV0_I_I146V,1.2,1.2083378726036982,-0.008337872603698226
3DV0_I_I163V,0.5,0.2693210640417351,0.23067893595826489
3DV0_I_L159A,2.0,1.098623852650439,0.901376147349561
3DV0_I_L159G,1.9,1.7075361753797058,0.1924638246202941
3DV0_I_L159V,0.6,1.7769059816039,-1.1769059816039
3DV0_I_L167A,1.2,1.6541884235622926,-0.4541884235622926
3DV0_I_L167V,0.2,1.5127748410697028,-1.3127748410697029
3DV0_I_V129A,0.7,1.4097805699417671,-0.7097805699417672
3DV0_I_V129G,1.0,1.5030919187902054,-0.5030919187902054
3DV0_I_V135A,1.5,1.2481294831289527,0.25187051687104733
3DV0_I_V144A,2.0,1.426571616363112,0.5734283836368881
3DV0_I_V149A,2.8,1.7721288488084237,1.0278711511915761
3DV0_I_V149G,4.1,1.8529605269077372,2.2470394730922623
3DV0_I_V158A,3.2,0.7612119740724512,2.4387880259275487
3DV0_I_Y138F,2.0,0.7468686242506549,1.2531313757493452
3ECU_A_H46R,-0.8,1.517598631757802,-2.317598631757802
3FIS_A_P61A,0.5,0.8337825903071764,-0.3337825903071764
3G1G_A_D5Y,-0.34,0.9819208287016911,-1.321920828701691
3G1G_A_F17Y,0.74,0.631406426990719,0.10859357300928096
3G1G_A_I40V,0.17,0.2865936197399141,-0.11659361973991408
3G1G_A_R35W,-1.32,1.4488866660155515,-2.7688866660155513
3K82_A_E30L,3.35,1.0884891302548434,2.2615108697451567
3K82_A_E30Q,1.68,-0.7117677736397172,2.3917677736397174
3K82_A_E97R,-5.49,-0.05524449956896478,-5.434755500431035
3L15_B_Y226H,3.23,2.4930738247188438,0.7369261752811562
3MON_B_R39G,-1.19,1.058527675580857,-2.248527675580857
3MON_B_W3C,2.87,0.9181602435444346,1.9518397564555654
3O39_A_F99I,1.81,2.437350357211811,-0.6273503572118111
3O39_A_F99L,1.64,1.9208020225845752,-0.2808020225845753
3O39_A_H80L,0.58,-0.5493209848326392,1.1293209848326393
3O39_A_L16P,3.25,2.615951180092725,0.6340488199072749
3O39_A_Q84L,2.0,0.004073067101246284,1.9959269328987537
3O39_A_Q33L,0.05,1.9548073877599612,-1.9048073877599612
3S4M_A_D41Y,1.3,0.5188605694033038,0.7811394305966962
3S4M_A_G49V,2.5,2.534793957692816,-0.03479395769281579
3S4M_A_I73F,-0.1,1.7467385508520827,-1.8467385508520828
3S4M_A_W74R,0.69,1.5605580532261754,-0.8705580532261754
3S92_A_H92R,-2.03,2.327744407180214,-4.357744407180213
4BJX_A_A59V,-0.99,0.21755248959284001,-1.20755248959284
4BUQ_A_Y137A,-0.89,0.32481466640519896,-1.214814666405199
4BUQ_A_Y48A,1.44,0.7361989615638954,0.7038010384361045
4HE7_A_A19D,0.24,0.9345881652071846,-0.6945881652071846
4HE7_A_A19G,-0.06,0.9460399613321085,-1.0060399613321085
4HE7_A_A19K,0.46,1.1975872574428195,-0.7375872574428195
4N6V_0_H68W,-0.57,-0.18465371834029032,-0.38534628165970963
4N6V_0_P29G,1.36,0.9834066414920775,0.37659335850792264
4N6V_0_P72S,-1.74,1.285096195719631,-3.025096195719631
4WAA_A_K64A,-0.1,0.5137254730375457,-0.6137254730375457
4WAA_A_K66A,2.07,0.6691611660122622,1.4008388339877378
4WAA_A_R26A,0.44,1.1841306948625043,-0.7441306948625044
4YEE_A_V68T,0.71,1.4102888616386342,-0.7002888616386342
4YEF_A_T67V,0.93,-0.48829300309606916,1.4182930030960692
5JXB_A_D26G,1.44,0.5591303577508383,0.8808696422491616
5JXB_A_D26P,1.44,0.8063273040980548,0.6336726959019452
5OAQ_A_Y215H,2.99,2.245646339482525,0.7443536605174752
5VP3_A_R39K,-0.41,0.5106058258823104,-0.9206058258823104
5VP3_A_S128G,0.38,0.3528274507411101,0.0271725492588899
5VP3_A_V183T,-0.35,0.5278115392327595,-0.8778115392327595
